# Host: localhost:3366  (Version: 5.5.25)
# Date: 2018-04-23 18:33:12
# Generator: MySQL-Front 5.3  (Build 4.13)
# databaseName: examdb

/*!40101 SET NAMES utf8 */;

#
# Source for table "question"
#

DROP TABLE IF EXISTS `question`;
CREATE TABLE `question` (
  `id` int(11) NOT NULL AUTO_INCREMENT,
  `title` varchar(200) DEFAULT NULL,
  `optionA` varchar(50) DEFAULT NULL,
  `optionB` varchar(50) DEFAULT NULL,
  `optionC` varchar(50) DEFAULT NULL,
  `optionD` varchar(50) DEFAULT NULL,
  `answer` char(2) DEFAULT NULL,
  `author` varchar(50) DEFAULT NULL,
  `modifyTime` date DEFAULT NULL,
  PRIMARY KEY (`id`)
) ENGINE=InnoDB AUTO_INCREMENT=36 DEFAULT CHARSET=utf8;

#
# Data for table "question"
#

INSERT INTO `question` VALUES (1,'中央处理器CPU中的控制器是由一些基本的硬件部件构成的______不是构成控制器的部件。 ','时序部件和微操作信号发生器部件','程序计数器','外设接口部件','指令寄存器和指令译码器','C','admin',NULL),(5,'在TCP/IP协议中，______负责处理数据转换、编码和会话控制。','应用层 ','传输层','表示层','会话层','A','admin',NULL),(6,'下列关于面向连接的服务和无连接的服务的说法不正确的是______。','面向连接的服务建立虚链路，避免数据丢失和拥塞','面向连接的服务，发送端发送的数据包，如果没有收到接收端的确认，一定时间后发送端将重传数据包','相对于无连接的服务，面向连接的服务提供了更多的可靠性保障','无连接的服务适用于延迟敏感性和高可靠性的应用程序','D','admin',NULL),(7,'以下标准化组织，______是行业性标准化组织。','IEC ','ANSI','IEEE','CEN','C','admin',NULL),(8,'_____一经接受并采用，或各方商定同意纳入经济合同中，就成为各方必须共同遵守的技术依据，具有法律上的约束性。','强制性标准','推荐性标准','国际标准','区域标准','B','admin',NULL),(9,'____是指当系统万一遇到未预料的情况时，能够按照预定的方式做合适的处理。 ','可用性','正确性','稳定性','健壮性','D','admin',NULL),(10,'原型模型是增量模型的另一种形式，用于需求分析阶段的模型是______。 ','探索型原型','实验型原型','演化型原型','螺旋模型','B','admin',NULL),(11,'10*8=?','108','80','18','9','B','admin',NULL),(12,'在面向对象技术中，类属是一种 （1） 机制。一个类属类是关于一组类的一个特性抽象，它强调的是这些类的成员特征中与 （2） 的那些部分，而用变元来表示与 （3） 的那些部分。','包含多态','参数多态','过载多态','强制多态','B','admin',NULL),(13,'中央处理器CPU中的控制器是由一些基本的硬件部件构成的______不是构成控制器的部件。 ','时序部件和微操作信号发生器部件','程序计数器','外设接口部件','指令寄存器和指令译码器','C','admin',NULL),(14,'中央处理器CPU中的控制器是由一些基本的硬件部件构成的______不是构成控制器的部件。 ','时序部件和微操作信号发生器部件','程序计数器','外设接口部件','指令寄存器和指令译码器','C','admin',NULL),(15,'中央处理器CPU中的控制器是由一些基本的硬件部件构成的______不是构成控制器的部件。 ','时序部件和微操作信号发生器部件','程序计数器','外设接口部件','指令寄存器和指令译码器','C','admin',NULL),(16,'（ ） 的特点是数据结构中元素的存储地址与其关键字之间存在某种映射关系。 ','树形存储结构 ','链式存储结构','索引存储结构','散列存储结构','D','admin',NULL),(17,'相联存储器的访问方式是______。','先入先出访问','按地址访问','按内容访问','先入后出访问','C','admin',NULL),(18,'相联存储器的访问方式是______。','先入先出访问','按地址访问','按内容访问','先入后出访问','C','admin',NULL),(19,'相联存储器的访问方式是______。','先入先出访问','按地址访问','按内容访问','先入后出访问','C','admin',NULL),(20,'I/O控制方式有多种，______一般用于大型、高效的系统中。','查询方式','中断方式','DMA方式','I/O通道','D','admin',NULL),(21,'I/O控制方式有多种，______一般用于大型、高效的系统中。','查询方式','中断方式','DMA方式','I/O通道','D','admin',NULL),(22,'能正确描述TCP/IP协议的数据封装过程的是______。','数据段→数据包→数据帧→数据流→数据','数据流→数据段→数据包→数据帧→数据','数据→数据包→数据段→数据帧→数据流','数据→数据段→数据包→数据帧→数据流','D','admin',NULL),(23,'在TCP/IP协议中，______负责处理数据转换、编码和会话控制。','应用层 ','传输层','表示层','会话层','A','admin',NULL),(24,'下列关于面向连接的服务和无连接的服务的说法不正确的是______。','面向连接的服务建立虚链路，避免数据丢失和拥塞','面向连接的服务，发送端发送的数据包，如果没有收到接收端的确认，一定时间后发送端将重传数据包','相对于无连接的服务，面向连接的服务提供了更多的可靠性保障','无连接的服务适用于延迟敏感性和高可靠性的应用程序','D','admin',NULL),(25,'以下标准化组织，______是行业性标准化组织。','IEC ','ANSI','IEEE','CEN','C','admin',NULL),(26,'_____一经接受并采用，或各方商定同意纳入经济合同中，就成为各方必须共同遵守的技术依据，具有法律上的约束性。','强制性标准','推荐性标准','国际标准','区域标准','B','admin',NULL),(27,'____是指当系统万一遇到未预料的情况时，能够按照预定的方式做合适的处理。 ','可用性','正确性','稳定性','健壮性','D','admin',NULL),(28,'原型模型是增量模型的另一种形式，用于需求分析阶段的模型是______。 ','探索型原型','实验型原型','演化型原型','螺旋模型','B','admin',NULL),(29,'能正确描述TCP/IP协议的数据封装过程的是______。','数据段→数据包→数据帧→数据流→数据','数据流→数据段→数据包→数据帧→数据','数据→数据包→数据段→数据帧→数据流','数据→数据段→数据包→数据帧→数据流','D','admin',NULL),(30,'在TCP/IP协议中，______负责处理数据转换、编码和会话控制。','应用层 ','传输层','表示层','会话层','A','admin',NULL),(31,'下列关于面向连接的服务和无连接的服务的说法不正确的是______。','面向连接的服务建立虚链路，避免数据丢失和拥塞','面向连接的服务，发送端发送的数据包，如果没有收到接收端的确认，一定时间后发送端将重传数据包','相对于无连接的服务，面向连接的服务提供了更多的可靠性保障','无连接的服务适用于延迟敏感性和高可靠性的应用程序','D','admin',NULL),(32,'以下标准化组织，______是行业性标准化组织。','IEC ','ANSI','IEEE','CEN','C','admin',NULL),(33,'_____一经接受并采用，或各方商定同意纳入经济合同中，就成为各方必须共同遵守的技术依据，具有法律上的约束性。','强制性标准','推荐性标准','国际标准','区域标准','B','admin',NULL),(34,'____是指当系统万一遇到未预料的情况时，能够按照预定的方式做合适的处理。 ','可用性','正确性','稳定性','健壮性','D','admin',NULL),(35,'原型模型是增量模型的另一种形式，用于需求分析阶段的模型是______。 ','探索型原型','实验型原型','演化型原型','螺旋模型','B','admin',NULL);

#
# Source for table "score"
#

DROP TABLE IF EXISTS `score`;
CREATE TABLE `score` (
  `userId` int(11) DEFAULT NULL,
  `userName` varchar(200) DEFAULT NULL,
  `userScore` int(11) DEFAULT NULL,
  `examTime` date DEFAULT NULL
) ENGINE=InnoDB DEFAULT CHARSET=utf8;
alter table score add constraint pk_score  primary key (userId,examTime);
#
# Data for table "score"
#

INSERT INTO `score` VALUES (1,'111',50,'2018-04-09'),(2,'admin',0,'2018-04-09'),(3,'admin',0,'2018-04-09'),(8,'admin',0,'2018-05-09'),(8,'admin',0,'2018-04-09'),(9,'111',0,'2018-01-18'),(9,'111',50,'2018-02-18'),(9,'111',0,'2018-03-18'),(9,'111',50,'2018-08-21'),(9,'111',0,'2018-04-21');

#
# Source for table "users"
#

DROP TABLE IF EXISTS `users`;
CREATE TABLE `users` (
  `userId` int(11) NOT NULL AUTO_INCREMENT,
  `userCode` varchar(20) DEFAULT NULL,
  `userName` varchar(20) DEFAULT NULL,
  `password` varchar(20) DEFAULT NULL,
  `email` varchar(20) DEFAULT NULL,
  `tel` varchar(20) DEFAULT NULL,
  `flag` int(11) DEFAULT NULL,
  PRIMARY KEY (`userId`)
) ENGINE=InnoDB AUTO_INCREMENT=10 DEFAULT CHARSET=utf8;

#
# Data for table "users"
#

INSERT INTO `users` VALUES (1,'301','文老师','123','teacher_Wen@163.com','1321345566',0),(2,'302','张老师','123','xiaozhang@163.com','010-4404128',0),(3,'303','米克老师','123','王@163.com','010-4404138',0),(4,'304','李丽','111','lili@163.com','010-4401368',1),(5,'305','李明','111','liming@163.com','010-4401468',1),(6,'306','杜老师','123','teacher_Du@163.com','010-4401768',0),(7,'307','李老师','123','teacher_Li@163.com','010-4401668',0),(8,'308','admin','admin','admin@163.com','010-0101010',0),(9,'309','111','111','lijun@163.com','010-4401568',1);
